Time Stamp[Hr:Min:Sec],Action/Vital Name,SubAction Time[Min:Sec],SubAction Name,Score,Old Value,New Value,Username,Speech Command
0:0:2,HR_Waveform(vital),,,,CR_NSR,CR_VTach
0:0:2,PR_Waveform(vital),,,,O2_NW,O2_PP
0:0:2,RR_Waveform(vital),,,,CO2_Norm,CO2_CA
0:0:2,HR(vital),,,,177,192
0:0:2,RR(vital),,,,99,12
0:0:2,PR(vital),,,,79,0
0:0:2,BP(vital),,,,179,0
0:0:2,ETCO2(vital),,,,39,18
0:0:2,Temperature(vital),,,,96.8,98
0:0:5,umich3(speech),,,,,,umich3,"Hey, Cortana." 
0:0:5,umich1(speech),,,,,,umich1,"Hey, Cortana." 
0:0:10,umich4(speech),,,,,,umich4,"It's completely black now. It's not coming back." 
0:0:10,umich2(speech),,,,,,umich2,"NOMATCH: Speech could not be recognized." 
0:0:18,HR_Waveform(vital),,,,CR_VTach,CR_SinLike
0:0:18,PR_Waveform(vital),,,,O2_PP,O2_PP
0:0:18,RR_Waveform(vital),,,,CO2_CA,CO2_CPR
0:0:18,HR(vital),,,,191,100
0:0:18,RR(vital),,,,11,0
0:0:18,PR(vital),,,,--,0
0:0:18,BP(vital),,,,--,0
0:0:18,ETCO2(vital),,,,17,18
0:0:18,Temperature(vital),,,,97,98
0:0:18,User Introduction(action),0:20,Begin CPR,100,,,umich3
0:0:25,umich1(speech),,,,,,umich1,"NOMATCH: Speech could not be recognized." 
0:0:25,umich4(speech),,,,,,umich4,"NOMATCH: Speech could not be recognized." 
0:0:25,umich3(speech),,,,,,umich3,"NOMATCH: Speech could not be recognized." 
0:0:26,umich2(speech),,,,,,umich2,"NOMATCH: Speech could not be recognized." 
0:0:30,umich4(speech),,,,,,umich4,"Oh, there we go. Yeah, it's back now." 
0:0:33,User Introduction(action),0:36,Stop CPR,100,,,umich3
0:0:35,umich4(speech),,,,,,umich4,"It's gone again, yeah." 
0:0:36,User Introduction(action),0:38,Pulse Check,100,,,umich3
0:0:40,umich4(speech),,,,,,umich4,"Let's back now." 
0:0:41,umich1(speech),,,,,,umich1,"NOMATCH: Speech could not be recognized." 
0:0:41,umich2(speech),,,,,,umich2,"NOMATCH: Speech could not be recognized." 
0:0:41,umich3(speech),,,,,,umich3,"NOMATCH: Speech could not be recognized." 
0:0:42,HR_Waveform(vital),,,,CR_SinLike,CR_SinLike
0:0:42,PR_Waveform(vital),,,,O2_PP,O2_PP
0:0:42,RR_Waveform(vital),,,,CO2_CPR,CO2_CPR
0:0:42,HR(vital),,,,100,100
0:0:42,RR(vital),,,,--,0
0:0:42,PR(vital),,,,--,0
0:0:42,BP(vital),,,,--,0
0:0:42,ETCO2(vital),,,,18,18
0:0:42,Temperature(vital),,,,98,98
0:0:42,User Introduction(action),0:45,Enter CPR,100,,,umich3
0:0:44,umich4(speech),,,,,,umich4,"OK, sure." 
0:0:44,HR_Waveform(vital),,,,CR_SinLike,CR_VTach
0:0:44,PR_Waveform(vital),,,,O2_PP,O2_PP
0:0:44,RR_Waveform(vital),,,,CO2_CPR,CO2_CA
0:0:44,HR(vital),,,,99,192
0:0:44,RR(vital),,,,0,12
0:0:44,PR(vital),,,,0,0
0:0:44,BP(vital),,,,0,0
0:0:44,ETCO2(vital),,,,17,18
0:0:44,Temperature(vital),,,,97,98
0:0:44,V-Tach 2D(action),0:0,Stop CPR,100,,,umich3
0:0:45,umich2(speech),,,,,,umich2,"Yep." 
0:0:46,User Introduction(action)
0:0:47,umich3(speech),,,,,,umich3,"I can hear you. Oh, OK." 
0:0:49,umich1(speech),,,,,,umich1,"Can everybody hear me? So we don't have to do compressions. The patient has a false. So let's let's feel the balls." 
0:0:50,umich3(speech),,,,,,umich3,"It said Paul has paused, but it said zero." 
0:0:51,V-Tach 2D(action),0:7,Pulse Check,100,,,umich3
0:0:53,umich3(speech),,,,,,umich3,"Oh, I just it's it has a ball now." 
0:1:1,umich1(speech),,,,,,umich1,"Alright, so it looks like we're likely in a ventricular rhythm. So let's get defibrillator pads on the patient." 
0:1:4,umich4(speech),,,,,,umich4,"NOMATCH: Speech could not be recognized." 
0:1:5,umich2(speech),,,,,,umich2,"NOMATCH: Speech could not be recognized." 
0:1:6,umich3(speech),,,,,,umich3,"I think it said it already on." 
0:1:8,umich1(speech),,,,,,umich1,"And if somebody can keep you miss 4." 
0:1:12,umich4(speech),,,,,,umich4,"I think that's me. Yeah, sure." 
0:1:12,V-Tach 2D(action),0:28,Pulse Check,100,,,umich4
0:1:16,umich4(speech),,,,,,umich4,"Sounds good." 
0:1:16,V-Tach 2D(action),0:32,Pulse Check,100,,,umich2
0:1:16,umich1(speech),,,,,,umich1,"Can we get a finger on the pulse? Can you just keep a finger on the pulse, make sure we have it. If you lose a pulse, let me know." 
0:1:20,umich2(speech),,,,,,umich2,"NOMATCH: Speech could not be recognized." 
0:1:23,umich1(speech),,,,,,umich1,"I don't know how to get a blood pressure, but if someone can get a blood pressure, you miss 2." 
0:1:24,umich3(speech),,,,,,umich3,"See." 
0:1:29,umich2(speech),,,,,,umich2,"I don't know how to get a blood pressure. I have a pulse here but." 
0:1:33,umich1(speech),,,,,,umich1,"And then are the defibrillator pads on the patient?" 
0:1:34,umich2(speech),,,,,,umich2,"Yeah, it looks like they are." 
0:1:34,umich3(speech),,,,,,umich3,"Yeah, I think they're automatically on." 
0:1:36,umich4(speech),,,,,,umich4,"NOMATCH: Speech could not be recognized." 
0:1:38,umich1(speech),,,,,,umich1,"OK, do do we civil pause?" 
0:1:38,umich3(speech),,,,,,umich3,"Do you want me to? Do you want me to sync?" 
0:1:40,umich4(speech),,,,,,umich4,"Yeah, we have a false." 
0:1:40,umich2(speech),,,,,,umich2,"Yeah, we have a." 
0:1:45,umich3(speech),,,,,,umich3,"Oh wait, this is yeah." 
0:1:46,umich1(speech),,,,,,umich1,"OK, so let's sync and then." 
0:1:52,umich1(speech),,,,,,umich1,"Perfect." 
0:1:53,umich3(speech),,,,,,umich3,"Oh, there we go. Oh, now it's letting me select." 
0:1:56,umich1(speech),,,,,,umich1,"And then once that's, we can charge to 100 joules." 
0:1:57,umich3(speech),,,,,,umich3,"100 joules." 
0:2:0,umich4(speech),,,,,,umich4,"NOMATCH: Speech could not be recognized." 
0:2:0,umich2(speech),,,,,,umich2,"NOMATCH: Speech could not be recognized." 
0:2:4,umich3(speech),,,,,,umich3,"There we go. OK, ready for charge?" 
0:2:5,umich2(speech),,,,,,umich2,"All clear." 
0:2:5,umich1(speech),,,,,,umich1,"Alright. And then all clear on the patient in charge?" 
0:2:9,umich3(speech),,,,,,umich3,"OK, clear." 
0:2:9,umich4(speech),,,,,,umich4,"All clear." 
0:2:11,umich1(speech),,,,,,umich1,"Alright, I'll clear in shock." 
0:2:13,V-Tach 2D(action),1:29,SYNCHRONIZED Shock 100J,100,,,umich3
0:2:14,HR_Waveform(vital),,,,CR_VTach,CR_VTach
0:2:14,PR_Waveform(vital),,,,O2_PP,O2_PP
0:2:14,RR_Waveform(vital),,,,CO2_CA,CO2_CA
0:2:14,HR(vital),,,,191,205
0:2:14,RR(vital),,,,12,12
0:2:14,PR(vital),,,,--,0
0:2:14,BP(vital),,,,--,0
0:2:14,ETCO2(vital),,,,17,12
0:2:14,Temperature(vital),,,,97,98
0:2:16,umich3(speech),,,,,,umich3,"Is it there we go?" 
0:2:16,V-Tach 2D(action),,,,,,umich3
0:2:18,V-Tach 2A.1(action),0:4,Pulse Check,100,,,umich4
0:2:19,umich1(speech),,,,,,umich1,"Alright, quick, get a finger on the pulse." 
0:2:20,umich4(speech),,,,,,umich4,"No pulse. I don't feel a pulse." 
0:2:22,V-Tach 2A.1(action),0:8,Pulse Check,100,,,umich2
0:2:23,umich2(speech),,,,,,umich2,"No pause." 
0:2:26,umich1(speech),,,,,,umich1,"Alright, you missed two. Can you start compressions on the patient?" 
0:2:27,HR_Waveform(vital),,,,CR_VTach,CR_SinLike
0:2:27,PR_Waveform(vital),,,,O2_PP,O2_PP
0:2:27,RR_Waveform(vital),,,,CO2_CA,CO2_CPR
0:2:27,HR(vital),,,,204,100
0:2:27,RR(vital),,,,12,12
0:2:27,PR(vital),,,,--,0
0:2:27,BP(vital),,,,--,0
0:2:27,ETCO2(vital),,,,11,18
0:2:27,Temperature(vital),,,,97,98
0:2:27,V-Tach 2A.1(action),0:13,Enter CPR,100,,,umich2
0:2:32,V-Tach 2A.1(action),0:18,Pulse Check,100,,,umich4
0:2:33,umich1(speech),,,,,,umich1,"And then if we can recharge the 200 joules or going up to 200 joules." 
0:2:36,umich3(speech),,,,,,umich3,"NOMATCH: Speech could not be recognized." 
0:2:40,umich4(speech),,,,,,umich4,"NOMATCH: Speech could not be recognized." 
0:2:40,umich3(speech),,,,,,umich3,"Charge." 
0:2:43,umich2(speech),,,,,,umich2,"NOMATCH: Speech could not be recognized." 
0:2:49,umich3(speech),,,,,,umich3,"Come down." 
0:2:50,umich1(speech),,,,,,umich1,"Alright, so our let's wait uncharging. The rhythm on the screen is different. It looks like it's probably the fib." 
0:2:52,umich1(speech),,,,,,umich1,"I would just." 
0:2:55,umich3(speech),,,,,,umich3,"Hey, Cortana." 
0:2:56,umich4(speech),,,,,,umich4,"NOMATCH: Speech could not be recognized." 
0:2:56,V-Tach 2A.1(action),0:42,Pulse Check,100,,,umich3
0:2:59,umich2(speech),,,,,,umich2,"NOMATCH: Speech could not be recognized." 
0:3:0,umich1(speech),,,,,,umich1,"Oh, it's never mind." 
0:3:8,umich1(speech),,,,,,umich1,"I don't remember how to get labs." 
0:3:9,umich3(speech),,,,,,umich3,"Oh yeah, I can get that." 
0:3:10,umich2(speech),,,,,,umich2,"Push the trigger." 
0:3:14,umich4(speech),,,,,,umich4,"Do we need to? Do we need to back mask too or no, it works?" 
0:3:16,umich2(speech),,,,,,umich2,"Yeah." 
0:3:17,umich1(speech),,,,,,umich1,"Yeah, somebody should grab the bag mask." 
0:3:18,HR_Waveform(vital),,,,CR_SinLike,CR_VTach
0:3:18,PR_Waveform(vital),,,,O2_PP,O2_PP
0:3:18,RR_Waveform(vital),,,,CO2_CPR,CO2_CA
0:3:18,HR(vital),,,,99,205
0:3:18,RR(vital),,,,12,12
0:3:18,PR(vital),,,,--,0
0:3:18,BP(vital),,,,--,0
0:3:18,ETCO2(vital),,,,17,12
0:3:18,Temperature(vital),,,,97,98
0:3:18,V-Tach 2A.1(action),1:4,Stop CPR,100,,,umich2
0:3:21,umich3(speech),,,,,,umich3,"I'm getting labs." 
0:3:21,V-Tach 2A.1(action),1:7,Order new Labs UNAVAILABLE,100,,,umich3
0:3:22,umich1(speech),,,,,,umich1,"I don't know how to deviate stuff here though, so." 
0:3:22,V-Tach 2A.1(action),1:8,Pulse Check,100,,,umich4
0:3:23,HR_Waveform(vital),,,,CR_VTach,CR_SinLike
0:3:23,PR_Waveform(vital),,,,O2_PP,O2_PP
0:3:23,RR_Waveform(vital),,,,CO2_CA,CO2_CPR
0:3:23,HR(vital),,,,159,100
0:3:23,RR(vital),,,,12,12
0:3:23,PR(vital),,,,0,0
0:3:23,BP(vital),,,,0,0
0:3:23,ETCO2(vital),,,,14,18
0:3:23,Temperature(vital),,,,98,98
0:3:23,V-Tach 2A.1(action),1:9,Enter CPR,100,,,umich2
0:3:25,umich2(speech),,,,,,umich2,"Yeah." 
0:3:28,umich3(speech),,,,,,umich3,"Oh, the labs are over there." 
0:3:30,umich4(speech),,,,,,umich4,"What do you need?" 
0:3:36,umich4(speech),,,,,,umich4,"Yeah." 
0:3:37,umich1(speech),,,,,,umich1,"This is so good. So wait, who's so we have Umesh 2 doing compressions? Keep doing those If you can, grab the bag mask and go to the head of the bed and respirate or do respirations." 
0:3:39,umich3(speech),,,,,,umich3,"Hey, Cortana, Check Labs." 
0:3:40,umich4(speech),,,,,,umich4,"Sure." 
0:3:41,umich1(speech),,,,,,umich1,"We'll do a pulse check at the end of the next cycle." 
0:3:44,umich4(speech),,,,,,umich4,"Can you grab me the bag mask?" 
0:3:45,umich2(speech),,,,,,umich2,"NOMATCH: Speech could not be recognized." 
0:3:45,umich3(speech),,,,,,umich3,"Yeah, it's over there." 
0:3:46,HR_Waveform(vital),,,,CR_SinLike,CR_VTach
0:3:46,PR_Waveform(vital),,,,O2_PP,O2_PP
0:3:46,RR_Waveform(vital),,,,CO2_CPR,CO2_CA
0:3:46,HR(vital),,,,100,205
0:3:46,RR(vital),,,,11,12
0:3:46,PR(vital),,,,--,0
0:3:46,BP(vital),,,,--,0
0:3:46,ETCO2(vital),,,,18,12
0:3:46,Temperature(vital),,,,98,98
0:3:46,V-Tach 2A.1(action),1:31,Stop CPR,100,,,umich2
0:3:47,HR_Waveform(vital),,,,CR_VTach,CR_SinLike
0:3:47,PR_Waveform(vital),,,,O2_PP,O2_PP
0:3:47,RR_Waveform(vital),,,,CO2_CA,CO2_CPR
0:3:47,HR(vital),,,,118,100
0:3:47,RR(vital),,,,12,12
0:3:47,PR(vital),,,,0,0
0:3:47,BP(vital),,,,0,0
0:3:47,ETCO2(vital),,,,16,18
0:3:47,Temperature(vital),,,,97,98
0:3:47,V-Tach 2A.1(action),1:33,Enter CPR,100,,,umich3
0:3:48,umich1(speech),,,,,,umich1,"I can." 
0:3:49,umich3(speech),,,,,,umich3,"I'll take over compressions for a bit." 
0:3:52,umich4(speech),,,,,,umich4,"Hey, Cortana." 
0:3:52,HR_Waveform(vital),,,,CR_SinLike,CR_VTach
0:3:52,PR_Waveform(vital),,,,O2_PP,O2_PP
0:3:52,RR_Waveform(vital),,,,CO2_CPR,CO2_CA
0:3:52,HR(vital),,,,109,205
0:3:52,RR(vital),,,,12,12
0:3:52,PR(vital),,,,0,0
0:3:52,BP(vital),,,,0,0
0:3:52,ETCO2(vital),,,,17,12
0:3:52,Temperature(vital),,,,97,98
0:3:52,V-Tach 2A.1(action),1:38,Stop CPR,100,,,umich3
0:3:53,umich2(speech),,,,,,umich2,"OK, here I can take over." 
0:3:54,HR_Waveform(vital),,,,CR_VTach,CR_SinLike
0:3:54,PR_Waveform(vital),,,,O2_PP,O2_PP
0:3:54,RR_Waveform(vital),,,,CO2_CA,CO2_CPR
0:3:54,HR(vital),,,,125,100
0:3:54,RR(vital),,,,12,12
0:3:54,PR(vital),,,,0,0
0:3:54,BP(vital),,,,0,0
0:3:54,ETCO2(vital),,,,16,18
0:3:54,Temperature(vital),,,,97,98
0:3:54,V-Tach 2A.1(action),1:40,Enter CPR,100,,,umich2
0:3:54,umich3(speech),,,,,,umich3,"You got it. OK." 
0:3:56,umich1(speech),,,,,,umich1,"So wait, let's do a. So somebody get the figure on the pulse. Do a pulse check here." 
0:3:57,V-Tach 2A.1(action),1:43,Pulse Check,100,,,umich3
0:3:59,umich1(speech),,,,,,umich1,"We can stop compressions." 
0:4:0,HR_Waveform(vital),,,,CR_SinLike,CR_VTach
0:4:0,PR_Waveform(vital),,,,O2_PP,O2_PP
0:4:0,RR_Waveform(vital),,,,CO2_CPR,CO2_CA
0:4:0,HR(vital),,,,109,205
0:4:0,RR(vital),,,,12,12
0:4:0,PR(vital),,,,0,0
0:4:0,BP(vital),,,,0,0
0:4:0,ETCO2(vital),,,,17,12
0:4:0,Temperature(vital),,,,97,98
0:4:0,V-Tach 2A.1(action),1:46,Stop CPR,100,,,umich2
0:4:0,umich3(speech),,,,,,umich3,"Yes. Pause. Oh, yeah. Yeah." 
0:4:4,HR_Waveform(vital),,,,CR_VTach,CR_SinLike
0:4:4,PR_Waveform(vital),,,,O2_PP,O2_PP
0:4:4,RR_Waveform(vital),,,,CO2_CA,CO2_CPR
0:4:4,HR(vital),,,,143,100
0:4:4,RR(vital),,,,12,12
0:4:4,PR(vital),,,,0,0
0:4:4,BP(vital),,,,0,0
0:4:4,ETCO2(vital),,,,15,18
0:4:4,Temperature(vital),,,,97,98
0:4:4,V-Tach 2A.1(action),1:49,Enter CPR,100,,,umich2
0:4:6,umich3(speech),,,,,,umich3,"Hey Cortana, It says he has pulse, but I don't feel once. I don't know." 
0:4:6,umich1(speech),,,,,,umich1,"Alright, do we have a pulse?" 
0:4:7,umich2(speech),,,,,,umich2,"Great. No, no, no balls." 
0:4:12,umich4(speech),,,,,,umich4,"NOMATCH: Speech could not be recognized." 
0:4:12,umich1(speech),,,,,,umich1,"Alright, no Paul. So let's charge to 200 joules." 
0:4:13,V-Tach 2A.1(action),1:59,Pulse Check,100,,,umich4
0:4:18,HR_Waveform(vital),,,,CR_SinLike,CR_VTach
0:4:18,PR_Waveform(vital),,,,O2_PP,O2_PP
0:4:18,RR_Waveform(vital),,,,CO2_CPR,CO2_CA
0:4:18,HR(vital),,,,100,205
0:4:18,RR(vital),,,,11,12
0:4:18,PR(vital),,,,--,0
0:4:18,BP(vital),,,,--,0
0:4:18,ETCO2(vital),,,,18,12
0:4:18,Temperature(vital),,,,98,98
0:4:18,V-Tach 2A.1(action),2:3,Stop CPR,100,,,umich2
0:4:19,umich2(speech),,,,,,umich2,"Call Claire." 
0:4:19,umich3(speech),,,,,,umich3,"Call Claire." 
0:4:21,umich1(speech),,,,,,umich1,"Hands off the patient. All clear, please Shock." 
0:4:23,V-Tach 2A.1(action),2:8,Defib (UNsynchronized Shock) 200J,100,,,umich3
0:4:24,HR_Waveform(vital),,,,CR_VTach,CR_VTach
0:4:24,PR_Waveform(vital),,,,O2_PP,O2_PP
0:4:24,RR_Waveform(vital),,,,CO2_CA,CO2_CA
0:4:24,HR(vital),,,,163,210
0:4:24,RR(vital),,,,12,12
0:4:24,PR(vital),,,,0,0
0:4:24,BP(vital),,,,0,0
0:4:24,ETCO2(vital),,,,14,14
0:4:24,Temperature(vital),,,,98,98
0:4:26,V-Tach 2A.1(action),,,,,,umich3
0:4:27,umich4(speech),,,,,,umich4,"NOMATCH: Speech could not be recognized." 
0:4:28,HR_Waveform(vital),,,,CR_VTach,CR_SinLike
0:4:28,PR_Waveform(vital),,,,O2_PP,O2_PP
0:4:28,RR_Waveform(vital),,,,CO2_CA,CO2_CPR
0:4:28,HR(vital),,,,185,100
0:4:28,RR(vital),,,,12,12
0:4:28,PR(vital),,,,0,0
0:4:28,BP(vital),,,,0,0
0:4:28,ETCO2(vital),,,,14,18
0:4:28,Temperature(vital),,,,98,98
0:4:28,V-Tach 2B.1(action),0:4,Enter CPR,100,,,umich2
0:4:29,umich1(speech),,,,,,umich1,"Oh my God, this is." 
0:4:34,umich4(speech),,,,,,umich4,"How do you get this bag mask on, bro?" 
0:4:37,umich1(speech),,,,,,umich1,"Alright, and then we can administer EPI somehow." 
0:4:37,umich3(speech),,,,,,umich3,"Yeah, I got it." 
0:4:38,umich2(speech),,,,,,umich2,"You'll have to use two hands." 
0:4:38,umich1(speech),,,,,,umich1,"I." 
0:4:40,umich4(speech),,,,,,umich4,"Oh, you have to use two hands." 
0:4:40,umich3(speech),,,,,,umich3,"I got happy." 
0:4:41,V-Tach 2B.1(action),0:17,Select Epinephrine,100,,,umich3
0:4:44,V-Tach 2B.1(action),0:20,Insert Syringe on Right Hand,100,,,umich3
0:4:44,umich3(speech),,,,,,umich3,"Giving up E." 
0:4:45,umich2(speech),,,,,,umich2,"It's just to reorient it. Yeah, it's terrible." 
0:4:47,umich4(speech),,,,,,umich4,"It's really bad, yeah." 
0:4:50,umich1(speech),,,,,,umich1,"All right is Fe." 
0:4:50,umich3(speech),,,,,,umich3,"Yeah, he's in." 
0:4:50,umich2(speech),,,,,,umich2,"Yeah, maybe reposition your body." 
0:4:54,umich1(speech),,,,,,umich1,"OK, have we sent labs on the patient?" 
0:4:54,umich4(speech),,,,,,umich4,"Hey, Cortana." 
0:4:55,umich3(speech),,,,,,umich3,"I think they're over there. Let me go check." 
0:4:55,HR_Waveform(vital),,,,CR_SinLike,CR_VTach
0:4:55,PR_Waveform(vital),,,,O2_PP,O2_PP
0:4:55,RR_Waveform(vital),,,,CO2_CPR,CO2_CA
0:4:55,HR(vital),,,,100,210
0:4:55,RR(vital),,,,11,12
0:4:55,PR(vital),,,,--,0
0:4:55,BP(vital),,,,--,0
0:4:55,ETCO2(vital),,,,18,14
0:4:55,Temperature(vital),,,,98,98
0:4:55,V-Tach 2B.1(action),0:31,Stop CPR,100,,,umich2
0:4:59,V-Tach 2B.1(action),0:35,Check Lab Tests,100,,,umich3
0:5:1,HR_Waveform(vital),,,,CR_VTach,CR_SinLike
0:5:1,PR_Waveform(vital),,,,O2_PP,O2_PP
0:5:1,RR_Waveform(vital),,,,CO2_CA,CO2_CPR
0:5:1,HR(vital),,,,159,100
0:5:1,RR(vital),,,,12,12
0:5:1,PR(vital),,,,0,0
0:5:1,BP(vital),,,,0,0
0:5:1,ETCO2(vital),,,,15,18
0:5:1,Temperature(vital),,,,98,98
0:5:1,V-Tach 2B.1(action),0:37,Enter CPR,100,,,umich2
0:5:4,umich3(speech),,,,,,umich3,"Let's see." 
0:5:10,umich4(speech),,,,,,umich4,"NOMATCH: Speech could not be recognized." 
0:5:10,umich2(speech),,,,,,umich2,"NOMATCH: Speech could not be recognized." 
0:5:14,umich1(speech),,,,,,umich1,"NOMATCH: Speech could not be recognized." 
0:5:14,umich3(speech),,,,,,umich3,"BMP, Potassium 5, Co 2/29 Sodium chloride, Normal." 
0:5:16,umich3(speech),,,,,,umich3,"Click Next." 
0:5:20,umich3(speech),,,,,,umich3,"Created outlet 2.8. How do I go?" 
0:5:24,V-Tach 2B.1(action),1:0,Check Lab Tests,100,,,umich3
0:5:25,umich3(speech),,,,,,umich3,"Yeah." 
0:5:25,V-Tach 2B.1(action),1:1,Insert Bag Mask,100,,,umich2
0:5:26,umich2(speech),,,,,,umich2,"NOMATCH: Speech could not be recognized." 
0:5:27,umich1(speech),,,,,,umich1,"I can't remember all things you're saying. Just tell me what's abnormal and then when you're over there, order labs too." 
0:5:29,umich2(speech),,,,,,umich2,"You got it." 
0:5:30,V-Tach 2B.1(action),1:6,Perform Bag Mask Pump,100,,,umich4
0:5:31,umich4(speech),,,,,,umich4,"Yeah, that was hard." 
0:5:35,umich3(speech),,,,,,umich3,"OK, that's five hour ago, nothing." 
0:5:37,umich2(speech),,,,,,umich2,"OK. Are you squeezing the bag?" 
0:5:39,umich4(speech),,,,,,umich4,"If I think I am." 
0:5:42,V-Tach 2B.1(action),1:18,Order new Labs UNAVAILABLE,100,,,umich3
0:5:47,V-Tach 2B.1(action),1:23,Perform Bag Mask Pump,100,,,umich4
0:5:47,umich2(speech),,,,,,umich2,"For some reason it shows up as red. I don't know what that means out there. Now it's green." 
0:5:50,umich4(speech),,,,,,umich4,"Is it working now?" 
0:5:51,umich1(speech),,,,,,umich1,"New results not available during code for prior lab checks computer, so we can't get labs." 
0:5:56,umich3(speech),,,,,,umich3,"NOMATCH: Speech could not be recognized." 
0:5:56,umich2(speech),,,,,,umich2,"Yeah." 
0:5:58,umich1(speech),,,,,,umich1,"At the end of the next cycle for compressions, we'll do a pulse check." 
0:6:2,umich2(speech),,,,,,umich2,"OK." 
0:6:5,V-Tach 2B.1(action),1:41,Pulse Check,100,,,umich1
0:6:8,V-Tach 2B.1(action),1:44,Perform Bag Mask Pump,100,,,umich4
0:6:9,umich2(speech),,,,,,umich2,"Kevin, I don't know when the next cycle is, honestly." 
0:6:10,HR_Waveform(vital),,,,CR_SinLike,CR_VTach
0:6:10,PR_Waveform(vital),,,,O2_PP,O2_PP
0:6:10,RR_Waveform(vital),,,,CO2_CPR,CO2_CA
0:6:10,HR(vital),,,,100,210
0:6:10,RR(vital),,,,11,12
0:6:10,PR(vital),,,,--,0
0:6:10,BP(vital),,,,--,0
0:6:10,ETCO2(vital),,,,18,14
0:6:10,Temperature(vital),,,,98,98
0:6:10,V-Tach 2B.1(action),1:46,Stop CPR,100,,,umich2
0:6:11,umich3(speech),,,,,,umich3,"NOMATCH: Speech could not be recognized." 
0:6:11,umich4(speech),,,,,,umich4,"Hey, Cortana." 
0:6:14,umich1(speech),,,,,,umich1,"We can stop compressions whenever you get to 30, alright?" 
0:6:15,V-Tach 2B.1(action),1:51,Check Lab Tests,100,,,umich3
0:6:17,umich2(speech),,,,,,umich2,"OK, just I stopped compressions. Let's do a pulse check." 
0:6:19,umich2(speech),,,,,,umich2,"I still show no pulse." 
0:6:20,umich1(speech),,,,,,umich1,"So still no pulse. You can resume compressions." 
0:6:21,umich4(speech),,,,,,umich4,"I don't feel, I don't feel no pulse. Yeah." 
0:6:22,HR_Waveform(vital),,,,CR_VTach,CR_SinLike
0:6:22,PR_Waveform(vital),,,,O2_PP,O2_PP
0:6:22,RR_Waveform(vital),,,,CO2_CA,CO2_CPR
0:6:22,HR(vital),,,,209,100
0:6:22,RR(vital),,,,12,12
0:6:22,PR(vital),,,,--,0
0:6:22,BP(vital),,,,--,0
0:6:22,ETCO2(vital),,,,13,18
0:6:22,Temperature(vital),,,,97,98
0:6:22,V-Tach 2B.1(action),1:58,Enter CPR,100,,,umich2
0:6:25,umich1(speech),,,,,,umich1,"We're gonna charge 200 joules." 
0:6:26,umich3(speech),,,,,,umich3,"NOMATCH: Speech could not be recognized." 
0:6:31,HR_Waveform(vital),,,,CR_SinLike,CR_VTach
0:6:31,PR_Waveform(vital),,,,O2_PP,O2_PP
0:6:31,RR_Waveform(vital),,,,CO2_CPR,CO2_CA
0:6:31,HR(vital),,,,112,210
0:6:31,RR(vital),,,,11,12
0:6:31,PR(vital),,,,0,0
0:6:31,BP(vital),,,,0,0
0:6:31,ETCO2(vital),,,,17,14
0:6:31,Temperature(vital),,,,98,98
0:6:31,V-Tach 2B.1(action),2:7,Stop CPR,100,,,umich2
0:6:31,umich1(speech),,,,,,umich1,"Alright, I'll clear the patient." 
0:6:33,umich2(speech),,,,,,umich2,"All clear." 
0:6:34,V-Tach 2B.1(action),2:10,Defib (UNsynchronized Shock) 200J,100,,,umich1
0:6:34,umich4(speech),,,,,,umich4,"All clear." 
0:6:35,V-Tach 2B.1(action),2:11,Defib (UNsynchronized Shock) 200J,100,,,umich1
0:6:35,HR_Waveform(vital),,,,CR_VTach,CR_Asystole
0:6:35,PR_Waveform(vital),,,,O2_PP,O2_PP
0:6:35,RR_Waveform(vital),,,,CO2_CA,CO2_CA
0:6:35,HR(vital),,,,151,0
0:6:35,RR(vital),,,,11,12
0:6:35,PR(vital),,,,0,0
0:6:35,BP(vital),,,,0,0
0:6:35,ETCO2(vital),,,,16,10
0:6:35,Temperature(vital),,,,98,98
0:6:37,V-Tach 2B.1(action),,,,,,umich1
0:6:38,umich1(speech),,,,,,umich1,"Shock delivered." 
0:6:39,HR_Waveform(vital),,,,CR_Asystole,CR_SinLike
0:6:39,PR_Waveform(vital),,,,O2_PP,O2_PP
0:6:39,RR_Waveform(vital),,,,CO2_CA,CO2_CPR
0:6:39,HR(vital),,,,80,108
0:6:39,RR(vital),,,,11,12
0:6:39,PR(vital),,,,0,0
0:6:39,BP(vital),,,,0,0
0:6:39,ETCO2(vital),,,,13,22
0:6:39,Temperature(vital),,,,98,98
0:6:39,Asystole 1D No.1(action),0:4,Enter CPR,100,,,umich2
0:6:41,umich3(speech),,,,,,umich3,"NOMATCH: Speech could not be recognized." 
0:6:43,umich1(speech),,,,,,umich1,"Alright, so we're in a systole. Resume compressions." 
0:6:46,umich1(speech),,,,,,umich1,"We'll give another." 
0:6:49,Asystole 1D No.1(action),0:14,Select Epinephrine,100,,,umich1
0:6:50,umich1(speech),,,,,,umich1,"Dose of epinephrine maybe?" 
0:6:51,Asystole 1D No.1(action),0:16,Insert Syringe on Right Hand,100,,,umich1
0:6:53,umich2(speech),,,,,,umich2,"NOMATCH: Speech could not be recognized." 
0:6:53,Asystole 1D No.1(action),0:18,Order X-Ray,100,,,umich3
0:6:54,HR_Waveform(vital),,,,CR_SinLike,CR_SinLike
0:6:54,PR_Waveform(vital),,,,O2_PP,O2_PP
0:6:54,RR_Waveform(vital),,,,CO2_CPR,CO2_CPR
0:6:54,HR(vital),,,,107,100
0:6:54,RR(vital),,,,12,12
0:6:54,PR(vital),,,,--,0
0:6:54,BP(vital),,,,--,0
0:6:54,ETCO2(vital),,,,21,18
0:6:54,Temperature(vital),,,,97,98
0:6:54,umich4(speech),,,,,,umich4,"NOMATCH: Speech could not be recognized." 
0:6:56,umich3(speech),,,,,,umich3,"NOMATCH: Speech could not be recognized." 
0:6:56,Asystole 1D No.1(action),,,,,,umich1
0:7:7,umich1(speech),,,,,,umich1,"Were there any abnormal labs?" 
0:7:8,umich2(speech),,,,,,umich2,"NOMATCH: Speech could not be recognized." 
0:7:9,umich4(speech),,,,,,umich4,"NOMATCH: Speech could not be recognized." 
0:7:17,umich3(speech),,,,,,umich3,"I mean, he has a White County from a few days ago, no tropes as of five hours ago. I don't think I can get any like repeat ones and no like a short answer now." 
0:7:20,umich1(speech),,,,,,umich1,"Do we have a potassium Calcium?" 
0:7:22,V-Fib 4C.1 - AMIO(action),0:28,Check Lab Tests,100,,,umich3
0:7:23,umich2(speech),,,,,,umich2,"NOMATCH: Speech could not be recognized." 
0:7:23,umich3(speech),,,,,,umich3,"Potassium was five, was normal. I didn't see calcium." 
0:7:25,umich4(speech),,,,,,umich4,"NOMATCH: Speech could not be recognized." 
0:7:27,umich1(speech),,,,,,umich1,"OK." 
0:7:27,umich3(speech),,,,,,umich3,"I should be here." 
0:7:33,umich2(speech),,,,,,umich2,"Yeah." 
0:7:33,umich3(speech),,,,,,umich3,"I think so, yeah." 
0:7:35,umich4(speech),,,,,,umich4,"Yeah you can. You have to select it." 
0:7:36,umich1(speech),,,,,,umich1,"And then can we give Amy Odron in this? We're actually never mind, we're in PA Never mind, we're in PA now." 
0:7:38,HR_Waveform(vital),,,,CR_SinLike,CR_VFib
0:7:38,PR_Waveform(vital),,,,O2_PP,O2_PP
0:7:38,RR_Waveform(vital),,,,CO2_CPR,CO2_CA
0:7:38,HR(vital),,,,99,0
0:7:38,RR(vital),,,,12,12
0:7:38,PR(vital),,,,--,0
0:7:38,BP(vital),,,,--,0
0:7:38,ETCO2(vital),,,,17,12
0:7:38,Temperature(vital),,,,97,98
0:7:38,V-Fib 4C.1 - AMIO(action),0:43,Stop CPR,100,,,umich2
0:7:42,HR_Waveform(vital),,,,CR_VFib,CR_SinLike
0:7:42,PR_Waveform(vital),,,,O2_PP,O2_PP
0:7:42,RR_Waveform(vital),,,,CO2_CA,CO2_CPR
0:7:42,HR(vital),,,,59,100
0:7:42,RR(vital),,,,12,12
0:7:42,PR(vital),,,,0,0
0:7:42,BP(vital),,,,0,0
0:7:42,ETCO2(vital),,,,15,18
0:7:42,Temperature(vital),,,,98,98
0:7:42,V-Fib 4C.1 - AMIO(action),0:47,Enter CPR,100,,,umich2
0:7:46,umich3(speech),,,,,,umich3,"Oh, calcium's 10 normal." 
0:7:49,umich1(speech),,,,,,umich1,"OK." 
0:7:53,umich2(speech),,,,,,umich2,"NOMATCH: Speech could not be recognized." 
0:7:55,umich4(speech),,,,,,umich4,"NOMATCH: Speech could not be recognized." 
0:7:56,umich1(speech),,,,,,umich1,"We'll do a pulse check in 30 seconds." 
0:8:5,umich3(speech),,,,,,umich3,"NOMATCH: Speech could not be recognized." 
0:8:8,umich2(speech),,,,,,umich2,"NOMATCH: Speech could not be recognized." 
0:8:10,umich4(speech),,,,,,umich4,"NOMATCH: Speech could not be recognized." 
0:8:15,umich1(speech),,,,,,umich1,"Create call someone, call anesthesia yet for an airway either? If not, can we do that?" 
0:8:18,umich4(speech),,,,,,umich4,"I can try ordering division." 
0:8:19,V-Fib 4C.1 - AMIO(action),1:25,Order Intubation,100,,,umich4
0:8:21,umich3(speech),,,,,,umich3,"NOMATCH: Speech could not be recognized." 
0:8:21,umich2(speech),,,,,,umich2,"Yeah, yeah, Airway. I think you can order one now." 
0:8:22,V-Fib 4C.1 - AMIO(action),1:27,Pulse Check,100,,,umich1
0:8:25,umich4(speech),,,,,,umich4,"I ordered it. Yeah, they're here. I was fast." 
0:8:26,umich2(speech),,,,,,umich2,"OK." 
0:8:26,HR_Waveform(vital),,,,CR_SinLike,CR_VFib
0:8:26,PR_Waveform(vital),,,,O2_PP,O2_PP
0:8:26,RR_Waveform(vital),,,,CO2_CPR,CO2_CA
0:8:26,HR(vital),,,,99,0
0:8:26,RR(vital),,,,12,12
0:8:26,PR(vital),,,,--,0
0:8:26,BP(vital),,,,--,0
0:8:26,ETCO2(vital),,,,17,12
0:8:26,Temperature(vital),,,,97,98
0:8:26,V-Fib 4C.1 - AMIO(action),1:32,Stop CPR,100,,,umich2
0:8:27,umich2(speech),,,,,,umich2,"Should we do?" 
0:8:28,umich1(speech),,,,,,umich1,"Alright, we can pause compressions." 
0:8:30,umich3(speech),,,,,,umich3,"How is we still need to figure out blood pressure somehow?" 
0:8:34,umich2(speech),,,,,,umich2,"Yeah." 
0:8:38,umich1(speech),,,,,,umich1,"So we're in V fib. We can resume compressions." 
0:8:39,HR_Waveform(vital),,,,CR_VFib,CR_SinLike
0:8:39,PR_Waveform(vital),,,,O2_PP,O2_PP
0:8:39,RR_Waveform(vital),,,,CO2_CA,CO2_CPR
0:8:39,HR(vital),,,,--,100
0:8:39,RR(vital),,,,11,12
0:8:39,PR(vital),,,,--,0
0:8:39,BP(vital),,,,--,0
0:8:39,ETCO2(vital),,,,12,18
0:8:39,Temperature(vital),,,,98,98
0:8:39,V-Fib 4C.1 - AMIO(action),1:45,Enter CPR,100,,,umich2
0:8:43,umich1(speech),,,,,,umich1,"Hand off that, we're gonna charge the 200 joules." 
0:8:45,umich4(speech),,,,,,umich4,"NOMATCH: Speech could not be recognized." 
0:8:50,umich3(speech),,,,,,umich3,"NOMATCH: Speech could not be recognized." 
0:8:52,V-Fib 4C.1 - AMIO(action),1:58,Order EKG,100,,,umich4
0:8:53,HR_Waveform(vital),,,,CR_SinLike,CR_VFib
0:8:53,PR_Waveform(vital),,,,O2_PP,O2_PP
0:8:53,RR_Waveform(vital),,,,CO2_CPR,CO2_CA
0:8:53,HR(vital),,,,99,0
0:8:53,RR(vital),,,,11,12
0:8:53,PR(vital),,,,--,0
0:8:53,BP(vital),,,,--,0
0:8:53,ETCO2(vital),,,,18,12
0:8:53,Temperature(vital),,,,98,98
0:8:53,V-Fib 4C.1 - AMIO(action),1:58,Stop CPR,100,,,umich2
0:8:53,umich1(speech),,,,,,umich1,"All clear on the patient." 
0:8:55,umich2(speech),,,,,,umich2,"All clear." 
0:8:58,V-Fib 4C.1 - AMIO(action),2:3,Defib (UNsynchronized Shock) 200J,100,,,umich1
0:8:58,umich4(speech),,,,,,umich4,"Call Claire. Yep." 
0:8:59,HR_Waveform(vital),,,,CR_VFib,CR_NSR
0:8:59,PR_Waveform(vital),,,,O2_PP,O2_NW
0:8:59,RR_Waveform(vital),,,,CO2_CA,CO2_Norm
0:8:59,HR(vital),,,,40,124
0:8:59,RR(vital),,,,12,12
0:8:59,PR(vital),,,,0,98
0:8:59,BP(vital),,,,0,0
0:8:59,ETCO2(vital),,,,14,36
0:8:59,Temperature(vital),,,,98,98
0:8:59,Systolic(vital),,,,179,166
0:8:59,Diastolic(vital),,,,179,96
0:8:59,SDTogether(vital),,,,179,119
0:8:59,umich1(speech),,,,,,umich1,"Is everybody clear? Alright, Ministering shock." 
0:9:1,V-Fib 4C.1 - AMIO(action),,,,,,umich1
0:9:2,ROSC 5B - Stemi(action),0:3,Enter CPR,100,,,umich2
0:9:6,umich3(speech),,,,,,umich3,"NOMATCH: Speech could not be recognized." 
0:9:7,ROSC 5B - Stemi(action),0:8,Select Amiodarone,100,,,umich1
0:9:7,umich1(speech),,,,,,umich1,"Alright, resume compressions. We're gonna give amiodarone since we're in Vfib." 
0:9:8,ROSC 5B - Stemi(action),0:9,Insert Syringe on Right Hand,100,,,umich1
0:9:14,umich1(speech),,,,,,umich1,"Did we call anesthesia?" 
0:9:15,umich2(speech),,,,,,umich2,"NOMATCH: Speech could not be recognized." 
0:9:16,umich4(speech),,,,,,umich4,"Yeah, he's intubated." 
0:9:16,umich3(speech),,,,,,umich3,"Yeah, I think he's he's intubated." 
0:9:17,umich1(speech),,,,,,umich1,"I think it's." 
0:9:17,umich2(speech),,,,,,umich2,"He's into." 
0:9:21,umich1(speech),,,,,,umich1,"Perfect." 
0:9:24,umich3(speech),,,,,,umich3,"Probably have a blood pressure now. I don't know how that happened." 
0:9:25,HR_Waveform(vital),,,,CR_NSR,CR_NSR
0:9:25,PR_Waveform(vital),,,,O2_NW,O2_NW
0:9:25,RR_Waveform(vital),,,,CO2_Norm,CO2_Norm
0:9:25,HR(vital),,,,123,124
0:9:25,RR(vital),,,,11,12
0:9:25,PR(vital),,,,97,98
0:9:25,BP(vital),,,,--,0
0:9:25,ETCO2(vital),,,,36,36
0:9:25,Temperature(vital),,,,98,98
0:9:25,Systolic(vital),,,,165,166
0:9:25,Diastolic(vital),,,,95,96
0:9:25,SDTogether(vital),,,,118,119
0:9:25,ROSC 5B - Stemi(action),0:25,Stop CPR,100,,,umich2
0:9:28,umich2(speech),,,,,,umich2,"Play." 
0:9:30,umich1(speech),,,,,,umich1,"So where we are currently actually." 
0:9:31,umich4(speech),,,,,,umich4,"You want me to order a new blood test?" 
0:9:33,HR_Waveform(vital),,,,CR_NSR,CR_SinLike
0:9:33,PR_Waveform(vital),,,,O2_NW,O2_NW
0:9:33,RR_Waveform(vital),,,,CO2_Norm,CO2_Norm
0:9:33,HR(vital),,,,124,124
0:9:33,RR(vital),,,,12,12
0:9:33,PR(vital),,,,98,98
0:9:33,BP(vital),,,,0,0
0:9:33,ETCO2(vital),,,,36,36
0:9:33,Temperature(vital),,,,98,98
0:9:33,Systolic(vital),,,,166,166
0:9:33,Diastolic(vital),,,,96,96
0:9:33,SDTogether(vital),,,,119,38
0:9:33,ROSC 5B - Stemi(action),0:34,Enter CPR,100,,,umich2
0:9:34,umich1(speech),,,,,,umich1,"We keep can we keep doing compressions?" 
0:9:35,ROSC 5B - Stemi(action),0:35,Order new Labs UNAVAILABLE,100,,,umich4
0:9:39,umich2(speech),,,,,,umich2,"End Title Co 236." 
0:9:40,ROSC 5B - Stemi(action),0:41,Pulse Check,100,,,umich1
0:9:41,ROSC 5B - Stemi(action),0:42,Pulse Check,100,,,umich3
0:9:41,HR_Waveform(vital),,,,CR_SinLike,CR_NSR
0:9:41,PR_Waveform(vital),,,,O2_NW,O2_NW
0:9:41,RR_Waveform(vital),,,,CO2_Norm,CO2_Norm
0:9:41,HR(vital),,,,124,124
0:9:41,RR(vital),,,,12,12
0:9:41,PR(vital),,,,98,98
0:9:41,BP(vital),,,,0,0
0:9:41,ETCO2(vital),,,,36,36
0:9:41,Temperature(vital),,,,98,98
0:9:41,Systolic(vital),,,,166,166
0:9:41,Diastolic(vital),,,,96,96
0:9:41,SDTogether(vital),,,,58,119
0:9:41,ROSC 5B - Stemi(action),0:42,Stop CPR,100,,,umich2
0:9:44,umich2(speech),,,,,,umich2,"Wait, do we have a? Can we? We have." 
0:9:46,umich1(speech),,,,,,umich1,"We can keep doing compressions. We'll do a pulse check." 
0:9:46,umich3(speech),,,,,,umich3,"Did he go back to? Did he have a pause? I think we have a pause. I think we have a pause." 
0:9:49,umich3(speech),,,,,,umich3,"Here's a pulse with normal sinus, right?" 
0:9:51,umich4(speech),,,,,,umich4,"NOMATCH: Speech could not be recognized." 
0:9:53,umich2(speech),,,,,,umich2,"Let's see." 
0:9:53,umich3(speech),,,,,,umich3,"I think we have." 
0:9:54,HR_Waveform(vital),,,,CR_NSR,CR_SinLike
0:9:54,PR_Waveform(vital),,,,O2_NW,O2_NW
0:9:54,RR_Waveform(vital),,,,CO2_Norm,CO2_Norm
0:9:54,HR(vital),,,,123,124
0:9:54,RR(vital),,,,11,12
0:9:54,PR(vital),,,,97,98
0:9:54,BP(vital),,,,--,0
0:9:54,ETCO2(vital),,,,36,36
0:9:54,Temperature(vital),,,,98,98
0:9:54,Systolic(vital),,,,165,166
0:9:54,Diastolic(vital),,,,95,96
0:9:54,SDTogether(vital),,,,118,38
0:9:54,ROSC 5B - Stemi(action),0:55,Enter CPR,100,,,umich2
0:9:57,HR_Waveform(vital),,,,CR_SinLike,CR_NSR
0:9:57,PR_Waveform(vital),,,,O2_NW,O2_NW
0:9:57,RR_Waveform(vital),,,,CO2_Norm,CO2_Norm
0:9:57,HR(vital),,,,124,124
0:9:57,RR(vital),,,,12,12
0:9:57,PR(vital),,,,98,98
0:9:57,BP(vital),,,,0,0
0:9:57,ETCO2(vital),,,,36,36
0:9:57,Temperature(vital),,,,98,98
0:9:57,Systolic(vital),,,,166,166
0:9:57,Diastolic(vital),,,,96,96
0:9:57,SDTogether(vital),,,,95,119
0:9:57,ROSC 5B - Stemi(action),0:58,Stop CPR,100,,,umich2
0:10:0,umich2(speech),,,,,,umich2,"OK." 
0:10:1,ROSC 5B - Stemi(action),1:2,Order X-Ray,100,,,umich4
0:10:2,umich3(speech),,,,,,umich3,"Hey, Cortana." 
0:10:4,umich1(speech),,,,,,umich1,"OK. Yeah. Alright. Yep. So now we have a pulse. I mean, theoretically, we should have continued compressions for the 2 minutes and then checked then. But yes, we have Ross right now. So we can go ahead and order a chest X-ray, repeat labs on them and then we can call the CCMU." 
0:10:5,ROSC 5B - Stemi(action),1:5,Order X-Ray,100,,,umich2
0:10:6,umich4(speech),,,,,,umich4,"NOMATCH: Speech could not be recognized." 
0:10:7,ROSC 5B - Stemi(action),1:8,Order new Labs UNAVAILABLE,100,,,umich4
0:10:15,umich4(speech),,,,,,umich4,"Yeah, I can do it." 
0:10:15,umich3(speech),,,,,,umich3,"Yeah, yeah, yeah." 
0:10:15,umich1(speech),,,,,,umich1,"Can we do cooling in here? Dicey. Someone put cooling pads on this patient during the tutorial." 
0:10:17,umich3(speech),,,,,,umich3,"OK." 
0:10:21,ROSC 5B - Stemi(action),1:22,Order Cooling,100,,,umich4
0:10:21,umich2(speech),,,,,,umich2,"Oh my gosh." 
0:10:24,umich3(speech),,,,,,umich3,"Nice." 
0:10:26,umich4(speech),,,,,,umich4,"Cooling ordered." 
0:10:26,umich1(speech),,,,,,umich1,"I don't know what else we can." 
0:10:27,umich4(speech),,,,,,umich4,"You want EKG?" 
0:10:30,ROSC 5B - Stemi(action),1:31,Order EKG,100,,,umich4
0:10:31,umich1(speech),,,,,,umich1,"Do Yeah, we can get an EKG. Yep." 
0:10:33,umich2(speech),,,,,,umich2,"Alright." 
0:10:33,ROSC 5B - Stemi(action),1:34,Order EKG,100,,,umich2
0:10:39,ROSC 5B - Stemi(action),1:40,Pulse Check,100,,,umich4
0:10:41,umich1(speech),,,,,,umich1,"I can't really see the EKG. Can someone?" 
0:10:41,umich2(speech),,,,,,umich2,"I can't see the easy." 
0:10:43,ROSC 5B - Stemi(action),,,,,,umich4
0:10:44,umich3(speech),,,,,,umich3,"NOMATCH: Speech could not be recognized." 
0:10:46,umich4(speech),,,,,,umich4,"NOMATCH: Speech could not be recognized." 
0:10:46,umich1(speech),,,,,,umich1,"Well, somebody can. Can somebody interpret the EKG?" 
0:10:49,umich4(speech),,,,,,umich4,"I can't see you either." 
Questionnare Results
Description,Rating,Rating Scale
"How effectively did your team work together to complete tasks?",4,0 - 7
"How effectively did your team communicate?",4,0 - 7
"How effective was tha team leader?",2,0 - 7